{
  "experiment_info": {
    "timestamp": "2026-07-11T08:45:11",
    "num_samples": 4374,
    "normal_count": 467,
    "anomaly_count": 3907
  },
  "fixed_baseline": {
    "f1": 0.0,
    "auc": 0.7600370279227587,
    "fpr": 0.0,
    "precision": 0.0,
    "recall": 0.0
  },
  "sweep": {
    "0.1": {
      "eta": 0.1,
      "f1": 0.7102467723484229,
      "auc": 0.7601570562691793,
      "precision": 0.9823688969258589,
      "recall": 0.5561812132070643,
      "fpr": 0.0835117773019272,
      "tp": 2173,
      "fp": 39,
      "tn": 428,
      "fn": 1734,
      "threshold_final": 0.08778548604079439,
      "threshold_mean": 0.14704469739297465,
      "time_s": 5.448409557342529
    },
    "0.25": {
      "eta": 0.25,
      "f1": 0.6641841570751523,
      "auc": 0.7531400566380334,
      "precision": 0.9805097451274363,
      "recall": 0.5021755822882007,
      "fpr": 0.0835117773019272,
      "tp": 1962,
      "fp": 39,
      "tn": 428,
      "fn": 1945,
      "threshold_final": 0.1022097278769732,
      "threshold_mean": 0.1602943077609861,
      "time_s": 4.981837749481201
    },
    "0.5": {
      "eta": 0.5,
      "f1": 0.5372636262513905,
      "auc": 0.7408604443021887,
      "precision": 0.9744451916610626,
      "recall": 0.3708727924238546,
      "fpr": 0.08137044967880086,
      "tp": 1449,
      "fp": 38,
      "tn": 429,
      "fn": 2458,
      "threshold_final": 0.12521527458077378,
      "threshold_mean": 0.18243820579412343,
      "time_s": 5.078035593032837
    },
    "0.75": {
      "eta": 0.75,
      "f1": 0.38253382533825336,
      "auc": 0.7518104275585085,
      "precision": 0.96086508753862,
      "recall": 0.23880214998720245,
      "fpr": 0.08137044967880086,
      "tp": 933,
      "fp": 38,
      "tn": 429,
      "fn": 2974,
      "threshold_final": 0.1495530835622054,
      "threshold_mean": 0.2044688071423663,
      "time_s": 5.354758024215698
    },
    "1.0": {
      "eta": 1.0,
      "f1": 0.21250566379700953,
      "auc": 0.7531762295643518,
      "precision": 0.9250493096646942,
      "recall": 0.12004095213718965,
      "fpr": 0.08137044967880086,
      "tp": 469,
      "fp": 38,
      "tn": 429,
      "fn": 3438,
      "threshold_final": 0.17266914064905015,
      "threshold_mean": 0.22662876336485843,
      "time_s": 6.041103363037109
    },
    "1.5": {
      "eta": 1.5,
      "f1": 0.02209389907105197,
      "auc": 0.7577849892221122,
      "precision": 0.5789473684210527,
      "recall": 0.011261837727156386,
      "fpr": 0.06852248394004283,
      "tp": 44,
      "fp": 32,
      "tn": 435,
      "fn": 3863,
      "threshold_final": 0.2213712275425564,
      "threshold_mean": 0.27071902532727854,
      "time_s": 5.54836893081665
    },
    "2.0": {
      "eta": 2.0,
      "f1": 0.0015236160487557136,
      "auc": 0.7437241343024024,
      "precision": 0.0967741935483871,
      "recall": 0.0007678525723061172,
      "fpr": 0.059957173447537475,
      "tp": 3,
      "fp": 28,
      "tn": 439,
      "fn": 3904,
      "threshold_final": 0.26851032318353113,
      "threshold_mean": 0.31507302509529744,
      "time_s": 5.963308334350586
    },
    "3.0": {
      "eta": 3.0,
      "f1": 0.0,
      "auc": 0.7507509992770895,
      "precision": 0.0,
      "recall": 0.0,
      "fpr": 0.019271948608137045,
      "tp": 0,
      "fp": 9,
      "tn": 458,
      "fn": 3907,
      "threshold_final": 0.3633989146818009,
      "threshold_mean": 0.4032520777759891,
      "time_s": 5.964033842086792
    },
    "5.0": {
      "eta": 5.0,
      "f1": 0.0,
      "auc": 0.7508354027718327,
      "precision": 0.0,
      "recall": 0.0,
      "fpr": 0.0,
      "tp": 0,
      "fp": 0,
      "tn": 467,
      "fn": 3907,
      "threshold_final": 0.5531507925905454,
      "threshold_mean": 0.5803139033386292,
      "time_s": 5.460331439971924
    }
  },
  "best": {
    "eta": 0.1,
    "f1": 0.7102467723484229,
    "auc": 0.7601570562691793,
    "precision": 0.9823688969258589,
    "recall": 0.5561812132070643,
    "fpr": 0.0835117773019272
  }
}