{
  "timestamp": "2026-07-07T08:00:59.718072",
  "epochs": 10,
  "batch_size": 32,
  "lr": 5e-05,
  "n_samples": 4671,
  "loss_history": [
    1.0012070430468207,
    0.998980849981308,
    0.9979400663343194,
    0.9965825583020301,
    0.9119792147858502,
    0.7792228370496671,
    0.7195994462052436,
    0.6882200837135315,
    0.6754319708641261,
    0.6648505305590695
  ],
  "final_loss": 0.6648505305590695,
  "total_time_s": 12.13
}