{
  "experiment_info": {
    "timestamp": "2026-07-07T08:02:34.111213",
    "dataset": "unsw_nb15",
    "n_train": 428,
    "n_val": 142,
    "n_test": 144,
    "n_features": 128,
    "normal_ratio": "500/714",
    "anomaly_ratio": "214/714"
  },
  "models": [
    {
      "model": "IsolationForest",
      "accuracy": 0.5833333333333334,
      "precision": 0.44954128440366975,
      "recall": 1.0,
      "f1": 0.620253164556962,
      "auc": 0.607733619763695,
      "fpr": 0.631578947368421,
      "tnr": 0.3684210526315789,
      "tp": 49,
      "fp": 60,
      "tn": 35,
      "fn": 0,
      "avg_latency_ms": 0.0322,
      "n_test": 144,
      "train_time_s": 0.24
    },
    {
      "model": "OneClassSVM",
      "accuracy": 0.7638888888888888,
      "precision": 0.6530612244897959,
      "recall": 0.6530612244897959,
      "f1": 0.6530612244897959,
      "auc": 0.6285714285714286,
      "fpr": 0.17894736842105263,
      "tnr": 0.8210526315789474,
      "tp": 32,
      "fp": 17,
      "tn": 78,
      "fn": 17,
      "avg_latency_ms": 0.0034,
      "n_test": 144,
      "train_time_s": 0.0
    },
    {
      "model": "Autoencoder",
      "accuracy": 0.3263888888888889,
      "precision": 0.33098591549295775,
      "recall": 0.9591836734693877,
      "f1": 0.49214659685863876,
      "auc": 0.24962406015037594,
      "fpr": 1.0,
      "tnr": 0.0,
      "tp": 47,
      "fp": 95,
      "tn": 0,
      "fn": 2,
      "avg_latency_ms": 0.038,
      "n_test": 144,
      "train_time_s": 0.27
    },
    {
      "model": "DiffusionModel(Ours)",
      "accuracy": 0.7361111111111112,
      "precision": 0.6410256410256411,
      "recall": 0.5102040816326531,
      "f1": 0.5681818181818182,
      "auc": 0.7029001074113855,
      "fpr": 0.14736842105263157,
      "tnr": 0.8526315789473684,
      "tp": 25,
      "fp": 14,
      "tn": 81,
      "fn": 24,
      "avg_latency_ms": 1.072,
      "n_test": 144
    }
  ]
}